{
    "loss": 0.024881748482584953,
    "accuracy": 0.9866666793823242
}