{
    "loss": 0.0379469133913517,
    "accuracy": 0.9733333587646484
}